Qubit,T1 (us),T2 (us),Readout assignment error,Init error,Prob meas0 prep1,Prob meas1 prep0,Readout length (ns),ID error,Single-qubit gate length (ns),RX error,Z-axis rotation (rz) error,√x (sx) error,Pauli-X error,XSLOW error,CZ error,Gate length (ns),RZZ error,MEASURE error,MEASURE_2 error,Operational,Backend_ID,Calibration_Timestamp
0,336.4666395643966,468.7343078897478,0.009033203125,0.0024447570841037176,0.012939453125,0.005126953125,2180,0.00036422703918566763,32,0.00036422703918566763,0,0.00036422703918566763,0.00036422703918566763,0.00036422703918566763,1:0.0007685550737635549,1:68,1:0.0009227235991412508,0.009033203125,0.27099609375,Yes,ibm_kingston,2026-09-25T13:33:33Z
1,280.9960053347357,321.25412437663687,0.0108642578125,0.0036342596359084807,0.012451171875,0.00927734375,2180,0.00011410640506216502,32,0.00011410640506216502,0,0.00011410640506216502,0.00011410640506216502,0.00011410640506216502,2:0.0013713694058352932;0:0.0007685550737635549,2:68;0:68,2:0.0008610386114593083;0:0.0009227235991412508,0.0108642578125,0.3251953125,Yes,ibm_kingston,2026-09-25T13:33:33Z
2,187.92005589258065,100.07122793231295,0.010986328125,0.0022427998806471387,0.015625,0.00634765625,2180,0.00019858639151095652,32,0.00019858639151095652,0,0.00019858639151095652,0.00019858639151095652,0.00019858639151095652,1:0.0013713694058352932;3:0.0016701224888926447,1:68;3:68,1:0.0008610386114593083;3:0.0017697064365315707,0.010986328125,0.0185546875,Yes,ibm_kingston,2026-09-25T13:33:33Z
3,173.03629054452213,110.15832573101653,0.00439453125,0.0004000079106502684,0.008056640625,0.000732421875,2180,0.0003879576060245071,32,0.0003879576060245071,0,0.0003879576060245071,0.0003879576060245071,0.0003879576060245071,16:0.0011038996790617983;2:0.0016701224888926447;4:0.0019331863087419243,16:68;2:68;4:68,16:0.0013015384968247945;2:0.0017697064365315707;4:0.0024083776081075536,0.00439453125,0.00341796875,Yes,ibm_kingston,2026-09-25T13:33:33Z
4,266.11439479096566,76.02954183621893,0.0087890625,0.0018216874032814332,0.013671875,0.00390625,2180,0.00027256219881772027,32,0.00027256219881772027,0,0.00027256219881772027,0.00027256219881772027,0.00027256219881772027,3:0.0019331863087419243;5:0.0018627761934583986,3:68;5:68,3:0.0024083776081075536;5:0.0023897624482911994,0.0087890625,0.02734375,Yes,ibm_kingston,2026-09-25T13:33:33Z
5,105.85956909378632,60.06673524284885,0.00732421875,0.002606104632730013,0.0078125,0.0068359375,2180,0.00036919063205924016,32,0.00036919063205924016,0,0.00036919063205924016,0.00036919063205924016,0.00036919063205924016,6:0.002765011755596708;4:0.0018627761934583986,6:68;4:68,6:0.0025465187514958354;4:0.0023897624482911994,0.00732421875,0.07275390625,Yes,ibm_kingston,2026-09-25T13:33:33Z
6,271.514824283891,134.25077178225482,0.010498046875,0.0027056346843115724,0.015625,0.00537109375,2180,0.00035298299578489026,32,0.00035298299578489026,0,0.00035298299578489026,0.00035298299578489026,0.00035298299578489026,5:0.002765011755596708;7:0.0075011588334764345,5:68;7:80,5:0.0025465187514958354;7:0.007301377050822483,0.010498046875,0.00634765625,Yes,ibm_kingston,2026-09-25T13:33:33Z
7,209.4857195084155,96.89852945723719,0.023193359375,,0.020751953125,0.025634765625,2180,0.00032437786499364744,32,0.00032437786499364744,0,0.00032437786499364744,0.00032437786499364744,0.00032437786499364744,17:0.006197844553408854;6:0.0075011588334764345;8:0.007593024340945859,17:68;6:80;8:68,17:0.0042906598671491325;6:0.007301377050822483;8:0.006357333455077829,0.023193359375,0.00537109375,Yes,ibm_kingston,2026-09-25T13:33:33Z
8,208.64620207141348,86.33695481199273,0.0108642578125,0.0002,0.015869140625,0.005859375,2180,0.00020785027159169695,32,0.00020785027159169695,0,0.00020785027159169695,0.00020785027159169695,0.00020785027159169695,9:0.0026150163260615644;7:0.007593024340945859,9:68;7:68,9:0.0017102295146800561;7:0.006357333455077829,0.0108642578125,0.082763671875,Yes,ibm_kingston,2026-09-25T13:33:33Z
9,105.66086432414207,44.552741548619935,0.0047607421875,0.0002,0.00927734375,0.000244140625,2180,0.0004956588278037463,32,0.0004956588278037463,0,0.0004956588278037463,0.0004956588278037463,0.0004956588278037463,8:0.0026150163260615644;10:0.0032107320211162693,8:68;10:68,8:0.0017102295146800561;10:0.001878273740331865,0.0047607421875,0.00732421875,Yes,ibm_kingston,2026-09-25T13:33:33Z
10,255.17293533879348,23.490202936856473,0.00341796875,0.0006000949314379671,0.005126953125,0.001708984375,2180,0.0002567650967268688,32,0.0002567650967268688,0,0.0002567650967268688,0.0002567650967268688,0.0002567650967268688,9:0.0032107320211162693;11:0.0012787066211835119,9:68;11:68,9:0.001878273740331865;11:0.0012584612983725652,0.00341796875,0.001220703125,Yes,ibm_kingston,2026-09-25T13:33:33Z
11,295.916366621202,112.2258811311623,0.00341796875,0.0008005242226566796,0.005859375,0.0009765625,2180,0.00028911162733397523,32,0.00028911162733397523,0,0.00028911162733397523,0.00028911162733397523,0.00028911162733397523,18:0.0018603688671818275;10:0.0012787066211835119;12:0.0010334791364512708,18:68;10:68;12:68,18:0.002413510989774298;10:0.0012584612983725652;12:0.001088830861913137,0.00341796875,0.004638671875,Yes,ibm_kingston,2026-09-25T13:33:33Z
12,193.4450363159131,184.6625019956198,0.056884765625,,0.049072265625,0.064697265625,2180,0.00031025919644558496,32,0.00031025919644558496,0,0.00031025919644558496,0.00031025919644558496,0.00031025919644558496,13:0.0019125864022996042;11:0.0010334791364512708,13:68;11:68,13:0.0014686086216363636;11:0.001088830861913137,0.056884765625,0.036376953125,Yes,ibm_kingston,2026-09-25T13:33:33Z
13,204.50588108337206,346.91001801183967,0.005859375,0.0014124727703771133,0.00732421875,0.00439453125,2180,0.0004836004093861743,32,0.0004836004093861743,0,0.0004836004093861743,0.0004836004093861743,0.0004836004093861743,12:0.0019125864022996042;14:0.001428549119927458,12:68;14:68,12:0.0014686086216363636;14:0.001284734171112939,0.005859375,0.003662109375,Yes,ibm_kingston,2026-09-25T13:33:33Z
14,278.5087060520256,495.8365568530598,0.0269775390625,,0.028564453125,0.025390625,2180,0.00017671162310577411,32,0.00017671162310577411,0,0.00017671162310577411,0.00017671162310577411,0.00017671162310577411,15:0.003776848552281914;13:0.001428549119927458,15:68;13:68,15:0.0032423682414398636;13:0.001284734171112939,0.0269775390625,0.018798828125,Yes,ibm_kingston,2026-09-25T13:33:33Z
15,288.1078938911592,323.74776855326405,0.005615234375,0.002004376589682608,0.0078125,0.00341796875,2180,0.00012104365719404825,32,0.00012104365719404825,0,0.00012104365719404825,0.00012104365719404825,0.00012104365719404825,14:0.003776848552281914;19:0.0020842019219582675,14:68;19:68,14:0.0032423682414398636;19:0.002543672398017588,0.005615234375,0.00341796875,Yes,ibm_kingston,2026-09-25T13:33:33Z
16,140.56642979756649,241.67248771981875,0.0145263671875,0.0019719696158565425,0.0185546875,0.01171875,2180,0.0001980679989231381,32,0.0001980679989231381,0,0.0001980679989231381,0.0001980679989231381,0.0001980679989231381,23:0.0015792635114248166;3:0.0011038996790617983,23:68;3:68,23:0.0014967134089556855;3:0.0013015384968247945,0.0145263671875,0.0224609375,Yes,ibm_kingston,2026-09-25T13:33:33Z
17,302.84360081937217,154.78711827037392,0.0052490234375,0.0012001305402139317,0.007568359375,0.0029296875,2180,0.000327484500037276,32,0.000327484500037276,0,0.000327484500037276,0.000327484500037276,0.000327484500037276,7:0.006197844553408854;27:0.0015475941334729126,7:68;27:68,7:0.0042906598671491325;27:0.0015030274578072822,0.0052490234375,0.00439453125,Yes,ibm_kingston,2026-09-25T13:33:33Z
18,130.49564858488404,106.37860688767464,0.0091552734375,0.004737630533687207,0.010986328125,0.00732421875,2180,0.0005978462196236095,32,0.0005978462196236095,0,0.0005978462196236095,0.0005978462196236095,0.0005978462196236095,11:0.0018603688671818275;31:0.0022972534710548886,11:68;31:68,11:0.002413510989774298;31:0.002781928049676974,0.0091552734375,0.005615234375,Yes,ibm_kingston,2026-09-25T13:33:33Z
19,190.6013352358296,208.84558534288124,0.0494384765625,0.00350220632864593,0.095458984375,0.00341796875,2180,0.0002787973350378829,32,0.0002787973350378829,0,0.0002787973350378829,0.0002787973350378829,0.0002787973350378829,35:0.0012278206235848965;15:0.0020842019219582675,35:68;15:68,35:0.0019136529015843229;15:0.002543672398017588,0.0494384765625,0.00830078125,Yes,ibm_kingston,2026-09-25T13:33:33Z
20,283.0906391190015,29.871099873509092,0.0111083984375,0.004929204325172654,0.011962890625,0.01025390625,2180,0.0003436797859333315,32,0.0003436797859333315,0,0.0003436797859333315,0.0003436797859333315,0.0003436797859333315,21:0.0020711265903758103,21:68,21:0.0016593569226790728,0.0111083984375,0.00439453125,Yes,ibm_kingston,2026-09-25T13:33:33Z
21,133.0316551576741,182.4919909639199,0.004638671875,0.0008000390437265489,0.0078125,0.00146484375,2180,0.00048132531608610234,32,0.00048132531608610234,0,0.00048132531608610234,0.00048132531608610234,0.00048132531608610234,36:0.001362908699597598;20:0.0020711265903758103;22:0.0016209504962347576,36:68;20:68;22:68,36:0.001044049377931372;20:0.0016593569226790728;22:0.001735114474704924,0.004638671875,0.005126953125,Yes,ibm_kingston,2026-09-25T13:33:33Z
22,82.03813912449354,107.28053387073518,0.0164794921875,0.002688959013436297,0.025146484375,0.0078125,2180,0.00023151795326851682,32,0.00023151795326851682,0,0.00023151795326851682,0.00023151795326851682,0.00023151795326851682,23:0.001725651167691994;21:0.0016209504962347576,23:68;21:68,23:0.0014731093478994595;21:0.001735114474704924,0.0164794921875,0.014892578125,Yes,ibm_kingston,2026-09-25T13:33:33Z
23,254.04459938728127,70.55846108997626,0.0037841796875,0.0016012701766455997,0.006103515625,0.00146484375,2180,0.0001233110726666772,32,0.0001233110726666772,0,0.0001233110726666772,0.0001233110726666772,0.0001233110726666772,22:0.001725651167691994;24:0.002033957131133829;16:0.0015792635114248166,22:68;24:68;16:68,22:0.0014731093478994595;24:0.0012290148754913466;16:0.0014967134089556855,0.0037841796875,0.005615234375,Yes,ibm_kingston,2026-09-25T13:33:33Z
24,296.3003924876887,74.19527953018164,0.0147705078125,,0.01611328125,0.013427734375,2180,0.00037188940874624223,32,0.00037188940874624223,0,0.00037188940874624223,0.00037188940874624223,0.00037188940874624223,23:0.002033957131133829;25:0.0020411425926121496,23:68;25:68,23:0.0012290148754913466;25:0.001881141387973212,0.0147705078125,0.025146484375,Yes,ibm_kingston,2026-09-25T13:33:33Z
25,255.65930388841377,29.025617648268145,0.0047607421875,0.0010284102603249825,0.005615234375,0.00390625,2180,0.0001987473784102972,32,0.0001987473784102972,0,0.0001987473784102972,0.0001987473784102972,0.0001987473784102972,24:0.0020411425926121496;26:0.0014636776534062146;37:0.0019543830205464574,24:68;26:68;37:68,24:0.001881141387973212;26:0.0015767908219591342;37:0.0017220788271621879,0.0047607421875,0.009033203125,Yes,ibm_kingston,2026-09-25T13:33:33Z
26,186.84441699250806,70.11741564161136,0.009765625,0.0025455041839723574,0.012939453125,0.006591796875,2180,0.0002103421894964319,32,0.0002103421894964319,0,0.0002103421894964319,0.0002103421894964319,0.0002103421894964319,25:0.0014636776534062146;27:0.0015285168982522856,25:68;27:68,25:0.0015767908219591342;27:0.005111646182038604,0.009765625,0.019287109375,Yes,ibm_kingston,2026-09-25T13:33:33Z
27,200.14894994110867,72.65670467282402,0.0272216796875,0.0011163599896401035,0.023193359375,0.03125,2180,0.00017061553954838467,32,0.00017061553954838467,0,0.00017061553954838467,0.00017061553954838467,0.00017061553954838467,26:0.0015285168982522856;28:0.001497479402056634;17:0.0015475941334729126,26:68;28:68;17:68,26:0.005111646182038604;28:0.001384758311293699;17:0.0015030274578072822,0.0272216796875,0.02001953125,Yes,ibm_kingston,2026-09-25T13:33:33Z
28,250.10848601076665,269.8991500337437,0.010498046875,0.0034042959452480473,0.01513671875,0.005859375,2180,0.00021182687462336302,32,0.00021182687462336302,0,0.00021182687462336302,0.00021182687462336302,0.00021182687462336302,27:0.001497479402056634;29:0.0020716471095845457,27:68;29:68,27:0.001384758311293699;29:0.0022247605072982513,0.010498046875,0.004638671875,Yes,ibm_kingston,2026-09-25T13:33:33Z
29,174.10417985417016,70.84830826699564,0.0081787109375,0.00020031692704481136,0.016357421875,0,2180,0.00020667808792647937,32,0.00020667808792647937,0,0.00020667808792647937,0.00020667808792647937,0.00020667808792647937,38:0.004941045167925928;28:0.0020716471095845457;30:0.001268425348027763,38:68;28:68;30:80,38:0.0027820863039931254;28:0.0022247605072982513;30:0.0014535397614219847,0.0081787109375,0.005615234375,Yes,ibm_kingston,2026-09-25T13:33:33Z
30,256.31165851913795,90.280892890724,0.006103515625,0.0028415826073358167,0.009765625,0.00244140625,2180,0.00026680163306561447,32,0.00026680163306561447,0,0.00026680163306561447,0.00026680163306561447,0.00026680163306561447,31:0.003934339986860241;29:0.001268425348027763,31:68;29:80,31:0.0021468448117266115;29:0.0014535397614219847,0.006103515625,0.005859375,Yes,ibm_kingston,2026-09-25T13:33:33Z
31,222.09462532887468,272.2181349107763,0.0152587890625,,0.02099609375,0.009521484375,2180,0.00040942796524302035,32,0.00040942796524302035,0,0.00040942796524302035,0.00040942796524302035,0.00040942796524302035,30:0.003934339986860241;32:0.0027333348922575773;18:0.0022972534710548886,30:68;32:68;18:68,30:0.0021468448117266115;32:0.0024499104887001077;18:0.002781928049676974,0.0152587890625,0.075439453125,Yes,ibm_kingston,2026-09-25T13:33:33Z
32,365.57922022991727,459.3135632004803,0.0732421875,,0.059326171875,0.087158203125,2180,0.00021723841831234637,32,0.00021723841831234637,0,0.00021723841831234637,0.00021723841831234637,0.00021723841831234637,31:0.0027333348922575773;33:0.0025124767633232237,31:68;33:68,31:0.0024499104887001077;33:0.003300328795514451,0.0732421875,0.050048828125,Yes,ibm_kingston,2026-09-25T13:33:33Z
33,308.182063298296,467.5979521216172,0.00927734375,0.005215017145880147,0.009765625,0.0087890625,2180,0.00018717522052303116,32,0.00018717522052303116,0,0.00018717522052303116,0.00018717522052303116,0.00018717522052303116,39:0.002107882631021185;32:0.0025124767633232237;34:0.0021932314932126273,39:68;32:68;34:108,39:0.00148046200285476;32:0.003300328795514451;34:0.0020900232010004904,0.00927734375,0.010009765625,Yes,ibm_kingston,2026-09-25T13:33:33Z
34,181.39104761888103,214.28518756037963,0.02197265625,,0.024169921875,0.019775390625,2180,0.00024469576410692987,32,0.00024469576410692987,0,0.00024469576410692987,0.00024469576410692987,0.00024469576410692987,33:0.0021932314932126273;35:0.001211811715456007,33:108;35:68,33:0.0020900232010004904;35:0.0019256254546701768,0.02197265625,0.01025390625,Yes,ibm_kingston,2026-09-25T13:33:33Z
35,286.1928846311314,337.7327842759464,0.01806640625,,0.01513671875,0.02099609375,2180,0.00021909154191913552,32,0.00021909154191913552,0,0.00021909154191913552,0.00021909154191913552,0.00021909154191913552,19:0.0012278206235848965;34:0.001211811715456007,19:68;34:68,19:0.0019136529015843229;34:0.0019256254546701768,0.01806640625,0.020751953125,Yes,ibm_kingston,2026-09-25T13:33:33Z
36,217.99912956656425,242.90404419679717,0.005859375,0.0017497137182284604,0.009765625,0.001953125,2180,0.00018723707894491423,32,0.00018723707894491423,0,0.00018723707894491423,0.00018723707894491423,0.00018723707894491423,41:0.001890160260846152;21:0.001362908699597598,41:68;21:68,41:0.0014993379208823043;21:0.001044049377931372,0.005859375,0.00537109375,Yes,ibm_kingston,2026-09-25T13:33:33Z
37,88.49869340172944,27.58971597916541,0.0087890625,0.003104252178003742,0.01171875,0.005859375,2180,0.0004223495831992001,32,0.0004223495831992001,0,0.0004223495831992001,0.0004223495831992001,0.0004223495831992001,45:0.0036480350263801975;25:0.0019543830205464574,45:68;25:68,45:0.001871603452579057;25:0.0017220788271621879,0.0087890625,0.008056640625,Yes,ibm_kingston,2026-09-25T13:33:33Z
38,237.00594252236428,68.06583231269099,0.0069580078125,0.000805103285913896,0.009765625,0.004150390625,2180,0.0002319913687156709,32,0.0002319913687156709,0,0.0002319913687156709,0.0002319913687156709,0.0002319913687156709,29:0.004941045167925928;49:0.001594355785739937,29:68;49:68,29:0.0027820863039931254;49:0.001285806477652085,0.0069580078125,0.005859375,Yes,ibm_kingston,2026-09-25T13:33:33Z
39,99.71168525794653,98.78266790888162,0.01123046875,0.0075651361146753405,0.011962890625,0.010498046875,2180,0.00019404727104498814,32,0.00019404727104498814,0,0.00019404727104498814,0.00019404727104498814,0.00019404727104498814,53:0.001486865964231615;33:0.002107882631021185,53:68;33:68,53:0.005296923191012076;33:0.00148046200285476,0.01123046875,0.03466796875,Yes,ibm_kingston,2026-09-25T13:33:33Z
40,276.9902230859321,85.8330098885021,0.00341796875,0.0006019832961863998,0.0048828125,0.001953125,2180,0.0003598968373241917,32,0.0003598968373241917,0,0.0003598968373241917,0.0003598968373241917,0.0003598968373241917,41:0.0020023982792476414,41:68,41:0.002560980310227695,0.00341796875,0.036865234375,Yes,ibm_kingston,2026-09-25T13:33:33Z
41,261.02482730269634,65.69631446231281,0.0064697265625,0.0018116971855383266,0.008056640625,0.0048828125,2180,0.0002367478101623629,32,0.0002367478101623629,0,0.0002367478101623629,0.0002367478101623629,0.0002367478101623629,40:0.0020023982792476414;42:0.0018622867900391082;36:0.001890160260846152,40:68;42:68;36:68,40:0.002560980310227695;42:0.0020692975459927765;36:0.0014993379208823043,0.0064697265625,0.005615234375,Yes,ibm_kingston,2026-09-25T13:33:33Z
42,114.83784551232097,121.18413132578819,0.004638671875,0.0010000053363148874,0.00634765625,0.0029296875,2180,0.0002825476844430431,32,0.0002825476844430431,0,0.0002825476844430431,0.0002825476844430431,0.0002825476844430431,41:0.0018622867900391082;43:0.0019305755510234945,41:68;43:68,41:0.0020692975459927765;43:0.0030048558770242317,0.004638671875,0.004150390625,Yes,ibm_kingston,2026-09-25T13:33:33Z
43,297.7476033253412,75.58419778544797,0.007080078125,0.003207472542409284,0.009765625,0.00439453125,2180,0.009328265185282791,32,0.009328265185282791,0,0.009328265185282791,0.009328265185282791,0.009328265185282791,42:0.0019305755510234945;56:0.005411549466781934;44:0.016476751103863346,42:68;56:68;44:68,42:0.0030048558770242317;56:0.004091557734358736;44:0.0022773890343458503,0.007080078125,0.005615234375,Yes,ibm_kingston,2026-09-25T13:33:33Z
44,207.04963348821153,317.1941608355146,0.0057373046875,0.002195964846776623,0.0078125,0.003662109375,2180,0.0002050171920534136,32,0.0002050171920534136,0,0.0002050171920534136,0.0002050171920534136,0.0002050171920534136,45:0.003276374043350405;43:0.016476751103863346,45:68;43:68,45:0.0014123390530565716;43:0.0022773890343458503,0.0057373046875,0.006103515625,Yes,ibm_kingston,2026-09-25T13:33:33Z
45,224.58743417561135,169.04321892845147,0.0035400390625,0.0026993184845622922,0.0048828125,0.002197265625,2180,0.001502161869317895,32,0.001502161869317895,0,0.001502161869317895,0.001502161869317895,0.001502161869317895,44:0.003276374043350405;46:0.0029846786838585437;37:0.0036480350263801975,44:68;46:68;37:68,44:0.0014123390530565716;46:0.0015084831764356488;37:0.001871603452579057,0.0035400390625,0.01318359375,Yes,ibm_kingston,2026-09-25T13:33:33Z
46,87.76599612953575,76.64089781690915,0.0059814453125,0.0006025599471349198,0.009765625,0.002197265625,2180,0.0003861733578143592,32,0.0003861733578143592,0,0.0003861733578143592,0.0003861733578143592,0.0003861733578143592,45:0.0029846786838585437;47:0.0021297963939191367,45:68;47:68,45:0.0015084831764356488;47:0.0024215628105584974,0.0059814453125,0.00439453125,Yes,ibm_kingston,2026-09-25T13:33:33Z
47,288.88331763936935,286.64218561779717,0.0032958984375,0.0006044818551940182,0.006591796875,0,2180,0.00042010476329617445,32,0.00042010476329617445,0,0.00042010476329617445,0.00042010476329617445,0.00042010476329617445,48:0.0023977038576444842;57:0.0019672486255145893;46:0.0021297963939191367,48:68;57:68;46:68,48:0.003292004328737219;57:0.0016246663682187856;46:0.0024215628105584974,0.0032958984375,0.004150390625,Yes,ibm_kingston,2026-09-25T13:33:33Z
48,128.33371350826155,20.22409251248406,0.005126953125,0.0008002762988094768,0.00927734375,0.0009765625,2180,0.00027570531341656034,32,0.00027570531341656034,0,0.00027570531341656034,0.00027570531341656034,0.00027570531341656034,47:0.0023977038576444842;49:0.0018434858123342612,47:68;49:68,47:0.003292004328737219;49:0.002232497260701516,0.005126953125,0.021240234375,Yes,ibm_kingston,2026-09-25T13:33:33Z
49,262.9140931929084,97.3826159414637,0.0035400390625,0.0012663109630257606,0.00537109375,0.001708984375,2180,0.00031445923236615475,32,0.00031445923236615475,0,0.00031445923236615475,0.00031445923236615475,0.00031445923236615475,48:0.0018434858123342612;50:0.0014258959418786965;38:0.001594355785739937,48:68;50:68;38:68,48:0.002232497260701516;50:0.0018801323732287878;38:0.001285806477652085,0.0035400390625,0.007080078125,Yes,ibm_kingston,2026-09-25T13:33:33Z
50,303.59330252472836,320.1287820992004,0.00390625,0.0006000155259810048,0.015625,0.00146484375,2180,0.0001800508967846574,32,0.0001800508967846574,0,0.0001800508967846574,0.0001800508967846574,0.0001800508967846574,49:0.0014258959418786965;51:0.0010948281917552982,49:68;51:68,49:0.0018801323732287878;51:0.0014940524462012106,0.00390625,0.0126953125,Yes,ibm_kingston,2026-09-25T13:33:33Z
51,120.25169211903699,145.03074105899694,0.0260009765625,,0.02197265625,0.030029296875,2180,0.00012437803445485918,32,0.00012437803445485918,0,0.00012437803445485918,0.00012437803445485918,0.00012437803445485918,50:0.0010948281917552982;52:0.0018316493243691612;58:0.0018867739653539717,50:68;52:68;58:68,50:0.0014940524462012106;52:0.002195437201928302;58:0.001789249829894285,0.0260009765625,0.0068359375,Yes,ibm_kingston,2026-09-25T13:33:33Z
52,127.00366570290686,49.41451757843999,0.0194091796875,0.006264628536039962,0.027099609375,0.01171875,2180,0.00024793952206064875,32,0.00024793952206064875,0,0.00024793952206064875,0.00024793952206064875,0.00024793952206064875,51:0.0018316493243691612;53:0.001556838043804687,51:68;53:68,51:0.002195437201928302;53:0.0018655776793622403,0.0194091796875,0.007568359375,Yes,ibm_kingston,2026-09-25T13:33:33Z
53,227.35092782652728,74.6583644848294,0.010009765625,0.0028043049122210236,0.01611328125,0.00390625,2180,0.0000986951144053276,32,0.0000986951144053276,0,0.0000986951144053276,0.0000986951144053276,0.0000986951144053276,39:0.001486865964231615;52:0.001556838043804687;54:0.0010891948599268675,39:68;52:68;54:68,39:0.005296923191012076;52:0.0018655776793622403;54:0.0013377342272494486,0.010009765625,0.00439453125,Yes,ibm_kingston,2026-09-25T13:33:33Z
54,359.01050759408565,117.03332217537486,0.028076171875,,0.034423828125,0.021728515625,2180,0.0002312070352409925,32,0.0002312070352409925,0,0.0002312070352409925,0.0002312070352409925,0.0002312070352409925,53:0.0010891948599268675;55:0.0018634609166871818,53:68;55:68,53:0.0013377342272494486;55:0.0018907600328378904,0.028076171875,0.029052734375,Yes,ibm_kingston,2026-09-25T13:33:33Z
55,386.5758860700546,91.50079789990316,0.0096435546875,0.011715137234247996,0.0107421875,0.008544921875,2180,0.0001156230993831973,32,0.0001156230993831973,0,0.0001156230993831973,0.0001156230993831973,0.0001156230993831973,59:0.0011685758416744019;54:0.0018634609166871818,59:68;54:68,59:0.0011431812603560354;54:0.0018907600328378904,0.0096435546875,0.005126953125,Yes,ibm_kingston,2026-09-25T13:33:33Z
56,191.8077657197162,43.62530021974132,0.0081787109375,0.004425034367244638,0.010498046875,0.005859375,2180,0.00025978078893710443,32,0.00025978078893710443,0,0.00025978078893710443,0.00025978078893710443,0.00025978078893710443,63:0.001366892034852324;43:0.005411549466781934,63:68;43:68,63:0.0015900773532668;43:0.004091557734358736,0.0081787109375,0.008056640625,Yes,ibm_kingston,2026-09-25T13:33:33Z
57,216.4411123394374,266.75166408187926,0.0081787109375,0.0008210753623467701,0.013916015625,0.00244140625,2180,0.000226970595166798,32,0.000226970595166798,0,0.000226970595166798,0.000226970595166798,0.000226970595166798,47:0.0019672486255145893;67:0.002756853657602726,47:68;67:68,47:0.0016246663682187856;67:0.0019211633589631683,0.0081787109375,0.006591796875,Yes,ibm_kingston,2026-09-25T13:33:33Z
58,234.442881598687,171.2166080316604,0.012451171875,0.00812716355229844,0.005615234375,0.019287109375,2180,0.00011984536775464832,32,0.00011984536775464832,0,0.00011984536775464832,0.00011984536775464832,0.00011984536775464832,71:0.0011743165610143824;51:0.0018867739653539717,71:68;51:68,71:0.001959052169815595;51:0.001789249829894285,0.012451171875,0.011474609375,Yes,ibm_kingston,2026-09-25T13:33:33Z
59,143.31843371911538,265.233875786357,0.0048828125,0.003004894782415092,0.00634765625,0.00341796875,2180,0.0001808344315246599,32,0.0001808344315246599,0,0.0001808344315246599,0.0001808344315246599,0.0001808344315246599,55:0.0011685758416744019;75:0.0025489511027933787,55:68;75:68,55:0.0011431812603560354;75:0.0012323499791256909,0.0048828125,0.00244140625,Yes,ibm_kingston,2026-09-25T13:33:33Z
60,178.20651375640418,43.632616785858616,0.004150390625,0.00020019341282780732,0.00732421875,0.0009765625,2180,0.0004063576966417647,32,0.0004063576966417647,0,0.0004063576966417647,0.0004063576966417647,0.0004063576966417647,61:0.002122324619763749,61:68,61:0.0019366691516295165,0.004150390625,0.002197265625,Yes,ibm_kingston,2026-09-25T13:33:33Z
61,178.5840112730131,47.807464603933965,0.0054931640625,0.0031549641982636565,0.0078125,0.003173828125,2180,0.00022757471197217875,32,0.00022757471197217875,0,0.00022757471197217875,0.00022757471197217875,0.00022757471197217875,76:0.003561877849935058;60:0.002122324619763749;62:0.0016415047537496896,76:68;60:68;62:68,76:0.006166099764108285;60:0.0019366691516295165;62:0.0013881622329725563,0.0054931640625,0.00537109375,Yes,ibm_kingston,2026-09-25T13:33:33Z
62,278.9266746975397,156.18420488705473,0.0108642578125,0.009471086212885498,0.0107421875,0.010986328125,2180,0.0002004619931476338,32,0.0002004619931476338,0,0.0002004619931476338,0.0002004619931476338,0.0002004619931476338,61:0.0016415047537496896;63:0.0015580567282135749,61:68;63:68,61:0.0013881622329725563;63:0.0014692740802161874,0.0108642578125,0.0126953125,Yes,ibm_kingston,2026-09-25T13:33:33Z
63,194.9626741817227,69.75008890417088,0.0137939453125,0.004849156918015061,0.016845703125,0.0107421875,2180,0.00021496088433117994,32,0.00021496088433117994,0,0.00021496088433117994,0.00021496088433117994,0.00021496088433117994,56:0.001366892034852324;62:0.0015580567282135749;64:0.0017751895387488337,56:68;62:68;64:68,56:0.0015900773532668;62:0.0014692740802161874;64:0.0020120488660017866,0.0137939453125,0.021240234375,Yes,ibm_kingston,2026-09-25T13:33:33Z
64,186.7936447526165,140.8146997110278,0.004150390625,0.0008279378014718517,0.007080078125,0.001220703125,2180,0.0004088004182662409,32,0.0004088004182662409,0,0.0004088004182662409,0.0004088004182662409,0.0004088004182662409,65:0.0025399303528202966;63:0.0017751895387488337,65:68;63:68,65:0.001929174995176447;63:0.0020120488660017866,0.004150390625,0.004150390625,Yes,ibm_kingston,2026-09-25T13:33:33Z
65,305.17471059857536,228.3786075963606,0.00830078125,0.0021813866855972235,0.01513671875,0.00146484375,2180,0.0003963970643393344,32,0.0003963970643393344,0,0.0003963970643393344,0.0003963970643393344,0.0003963970643393344,64:0.0025399303528202966;66:0.0024516466018398575;77:0.005090081552248077,64:68;66:68;77:68,64:0.001929174995176447;66:0.0021126773808631816;77:0.003838855684335035,0.00830078125,0.005615234375,Yes,ibm_kingston,2026-09-25T13:33:33Z
66,129.99533894955175,167.20774700116297,0.0087890625,0.002624491129075012,0.01416015625,0.00341796875,2180,0.0004813904296786162,32,0.0004813904296786162,0,0.0004813904296786162,0.0004813904296786162,0.0004813904296786162,65:0.0024516466018398575;67:0.002167767333244419,65:68;67:68,65:0.0021126773808631816;67:0.0019874743992745747,0.0087890625,0.0078125,Yes,ibm_kingston,2026-09-25T13:33:33Z
67,160.41524523009616,186.4822955663022,0.0067138671875,0.0021021858682301856,0.015625,0.00341796875,2180,0.0003041672838974309,32,0.0003041672838974309,0,0.0003041672838974309,0.0003041672838974309,0.0003041672838974309,68:0.001973318481584857;57:0.002756853657602726;66:0.002167767333244419,68:68;57:68;66:68,68:0.0013158675990742053;57:0.0019211633589631683;66:0.0019874743992745747,0.0067138671875,0.004150390625,Yes,ibm_kingston,2026-09-25T13:33:33Z
68,197.3269511200507,137.02430467422678,0.0146484375,0.003373280489132034,0.018798828125,0.010498046875,2180,0.00020246875583259733,32,0.00020246875583259733,0,0.00020246875583259733,0.00020246875583259733,0.00020246875583259733,67:0.001973318481584857;69:0.0016855743799298328,67:68;69:68,67:0.0013158675990742053;69:0.0015156923982125314,0.0146484375,0.0087890625,Yes,ibm_kingston,2026-09-25T13:33:33Z
69,210.6627532121213,249.09187620602674,0.02392578125,0.0031130142745989004,0.02001953125,0.02783203125,2180,0.0001881018718621297,32,0.0001881018718621297,0,0.0001881018718621297,0.0001881018718621297,0.0001881018718621297,78:0.0036542257205708917;68:0.0016855743799298328;70:0.002632518856057059,78:68;68:68;70:68,78:0.00180811979746745;68:0.0015156923982125314;70:0.003960256779436677,0.02392578125,0.014404296875,Yes,ibm_kingston,2026-09-25T13:33:33Z
70,198.7385972947176,167.41936667703246,0.01611328125,,0.020263671875,0.011962890625,2180,0.00012340692929004927,32,0.00012340692929004927,0,0.00012340692929004927,0.00012340692929004927,0.00012340692929004927,69:0.002632518856057059;71:0.0014039601809285318,69:68;71:68,69:0.003960256779436677;71:0.0023652907191743233,0.01611328125,0.03857421875,Yes,ibm_kingston,2026-09-25T13:33:33Z
71,219.6522214160701,97.83178722841643,0.0032958984375,0.0028007355001299352,0.00537109375,0.001220703125,2180,0.00017293607608354994,32,0.00017293607608354994,0,0.00017293607608354994,0.00017293607608354994,0.00017293607608354994,72:0.0012385863823196341;58:0.0011743165610143824;70:0.0014039601809285318,72:68;58:68;70:68,72:0.0012177359504415841;58:0.001959052169815595;70:0.0023652907191743233,0.0032958984375,0.005615234375,Yes,ibm_kingston,2026-09-25T13:33:33Z
72,229.1097442734329,131.75924501016624,0.0506591796875,,0.052978515625,0.04833984375,2180,0.00012677908486563748,32,0.00012677908486563748,0,0.00012677908486563748,0.00012677908486563748,0.00012677908486563748,73:0.018654994924451496;71:0.0012385863823196341,73:68;71:68,73:0.03490198256979207;71:0.0012177359504415841,0.0506591796875,0.041259765625,Yes,ibm_kingston,2026-09-25T13:33:33Z
73,208.81869824563472,170.25943993153334,0.017333984375,,0.022705078125,0.011962890625,2180,0.0003765457624076032,32,0.0003765457624076032,0,0.0003765457624076032,0.0003765457624076032,0.0003765457624076032,72:0.018654994924451496;74:0.0014094006862601927;79:0.001484275733244167,72:68;74:68;79:68,72:0.03490198256979207;74:0.002100496766998805;79:0.0023580831832165083,0.017333984375,0.010986328125,Yes,ibm_kingston,2026-09-25T13:33:33Z
74,201.99235691609314,162.79995878856667,0.0068359375,0.0018053935442141128,0.009765625,0.00390625,2180,0.00033382194751074704,32,0.00033382194751074704,0,0.00033382194751074704,0.00033382194751074704,0.00033382194751074704,73:0.0014094006862601927;75:0.0016026983104396597,73:68;75:68,73:0.002100496766998805;75:0.0011943306041991286,0.0068359375,0.00634765625,Yes,ibm_kingston,2026-09-25T13:33:33Z
75,305.9365436184851,159.44866072219472,0.0111083984375,,0.01806640625,0.004150390625,2180,0.00014711387509966307,32,0.00014711387509966307,0,0.00014711387509966307,0.00014711387509966307,0.00014711387509966307,59:0.0025489511027933787;74:0.0016026983104396597,59:68;74:68,59:0.0012323499791256909;74:0.0011943306041991286,0.0111083984375,0.052490234375,Yes,ibm_kingston,2026-09-25T13:33:33Z
76,74.43686187407756,52.80953723671043,0.019775390625,0.009501917402853985,0.01806640625,0.021484375,2180,0.0027243603798916254,32,0.0027243603798916254,0,0.0027243603798916254,0.0027243603798916254,0.0027243603798916254,81:0.010023549569191853;61:0.003561877849935058,81:68;61:68,81:0.047703963374707586;61:0.006166099764108285,0.019775390625,0.02294921875,Yes,ibm_kingston,2026-09-25T13:33:33Z
77,108.8467290889504,110.39991838426045,0.0047607421875,0.0002,0.00927734375,0.000244140625,2180,0.00012538051182056203,32,0.00012538051182056203,0,0.00012538051182056203,0.00012538051182056203,0.00012538051182056203,85:0.004778705312178555;65:0.005090081552248077,85:68;65:68,85:0.004745221049793413;65:0.003838855684335035,0.0047607421875,0.001953125,Yes,ibm_kingston,2026-09-25T13:33:33Z
78,163.54418248550434,33.53075178149044,0.028076171875,,0.03173828125,0.0244140625,2180,0.00038691945208275697,32,0.00038691945208275697,0,0.00038691945208275697,0.00038691945208275697,0.00038691945208275697,69:0.0036542257205708917;89:0.002227825282868412,69:68;89:68,69:0.00180811979746745;89:0.0014896421670769766,0.028076171875,0.031494140625,Yes,ibm_kingston,2026-09-25T13:33:33Z
79,205.26116995969386,85.50354923691224,0.005126953125,0.0026932391350542864,0.006591796875,0.003662109375,2180,0.00028079352527140845,32,0.00028079352527140845,0,0.00028079352527140845,0.00028079352527140845,0.00028079352527140845,93:0.0013504352049106272;73:0.001484275733244167,93:68;73:68,93:0.0010415253521574852;73:0.0023580831832165083,0.005126953125,0.00341796875,Yes,ibm_kingston,2026-09-25T13:33:33Z
80,162.36923515633734,252.10351943583908,0.0244140625,0.0037509877985321084,0.03076171875,0.01806640625,2180,0.0002805528271248982,32,0.0002805528271248982,0,0.0002805528271248982,0.0002805528271248982,0.0002805528271248982,81:0.0011319347609101416,81:68,81:0.001239777389601765,0.0244140625,0.499755859375,Yes,ibm_kingston,2026-09-25T13:33:33Z
81,285.1589631748745,259.86139906081485,0.0081787109375,0.005485877671457153,0.010009765625,0.00634765625,2180,0.00031646549505034256,32,0.00031646549505034256,0,0.00031646549505034256,0.00031646549505034256,0.00031646549505034256,80:0.0011319347609101416;82:0.0010798088554060947;76:0.010023549569191853,80:68;82:68;76:68,80:0.001239777389601765;82:0.001144103344776437;76:0.047703963374707586,0.0081787109375,0.03466796875,Yes,ibm_kingston,2026-09-25T13:33:33Z
82,123.50833665984858,186.43618027122733,0.007568359375,0.002136682492134809,0.0107421875,0.00439453125,2180,0.0001262042981317091,32,0.0001262042981317091,0,0.0001262042981317091,0.0001262042981317091,0.0001262042981317091,81:0.0010798088554060947;83:0.0011038897861997687,81:68;83:68,81:0.001144103344776437;83:0.000993869023991678,0.007568359375,0.054931640625,Yes,ibm_kingston,2026-09-25T13:33:33Z
83,217.31392105875776,211.76528442768327,0.0162353515625,,0.019775390625,0.0126953125,2180,0.0002548026607789683,32,0.0002548026607789683,0,0.0002548026607789683,0.0002548026607789683,0.0002548026607789683,96:0.0013769410708087682;82:0.0011038897861997687;84:0.0021295095049113366,96:68;82:68;84:68,96:0.0014890026714487747;82:0.000993869023991678;84:0.0027228587092688883,0.0162353515625,0.023193359375,Yes,ibm_kingston,2026-09-25T13:33:33Z
84,92.81094430204276,33.83918461735486,0.0047607421875,0.0020531178527112403,0.009765625,0.001220703125,2180,0.0005538039696103125,32,0.0005538039696103125,0,0.0005538039696103125,0.0005538039696103125,0.0005538039696103125,83:0.0021295095049113366;85:0.03138313379037344,83:68;85:68,83:0.0027228587092688883;85:0.030887592742886383,0.0047607421875,0.008056640625,Yes,ibm_kingston,2026-09-25T13:33:33Z
85,224.13602251621927,125.0446300506438,0.0130615234375,0.00760016965051947,0.012939453125,0.01318359375,2180,0.0005362245143602822,32,0.0005362245143602822,0,0.0005362245143602822,0.0005362245143602822,0.0005362245143602822,77:0.004778705312178555;86:0.041060884916877816;84:0.03138313379037344,77:68;86:68;84:68,77:0.004745221049793413;86:0.02085060644184694;84:0.030887592742886383,0.0130615234375,0.37255859375,Yes,ibm_kingston,2026-09-25T13:33:33Z
86,127.47895107822615,20.592290584307104,0.0316162109375,0.0205964511570433,0.0234375,0.039794921875,2180,0.00035765703730836754,32,0.00035765703730836754,0,0.00035765703730836754,0.00035765703730836754,0.00035765703730836754,85:0.041060884916877816;87:0.05568665509203019,85:68;87:68,85:0.02085060644184694;87:0.022752618645690448,0.0316162109375,0.007080078125,Yes,ibm_kingston,2026-09-25T13:33:33Z
87,91.22447646657348,50.25908511255039,0.0062255859375,0.000401397576944662,0.01220703125,0.000244140625,2180,0.0003253100035195505,32,0.0003253100035195505,0,0.0003253100035195505,0.0003253100035195505,0.0003253100035195505,86:0.05568665509203019;88:0.002667799962261269;97:0.001954441206836993,86:68;88:68;97:68,86:0.022752618645690448;88:0.0031732287672013026;97:0.0020753961938042853,0.0062255859375,0.00390625,Yes,ibm_kingston,2026-09-25T13:33:33Z
88,174.94780172576975,19.07132728760448,0.0037841796875,0.0004001858173292025,0.00732421875,0.000244140625,2180,0.000482082221198598,32,0.000482082221198598,0,0.000482082221198598,0.000482082221198598,0.000482082221198598,87:0.002667799962261269;89:0.0021085579488677453,87:68;89:68,87:0.0031732287672013026;89:0.001511353274126076,0.0037841796875,0.010986328125,Yes,ibm_kingston,2026-09-25T13:33:33Z
89,322.31193069304413,199.0192581157731,0.020263671875,0.0002,0.0400390625,0.00048828125,2180,0.00031145343995533025,32,0.00031145343995533025,0,0.00031145343995533025,0.00031145343995533025,0.00031145343995533025,90:0.001145510464511168;88:0.0021085579488677453;78:0.002227825282868412,90:68;88:68;78:68,90:0.001399473353498687;88:0.001511353274126076;78:0.0014896421670769766,0.020263671875,0.004638671875,Yes,ibm_kingston,2026-09-25T13:33:33Z
90,222.31072701870616,189.18246677694538,0.0067138671875,0.0014005591831432584,0.010986328125,0.00244140625,2180,0.0001841720769576868,32,0.0001841720769576868,0,0.0001841720769576868,0.0001841720769576868,0.0001841720769576868,89:0.001145510464511168;91:0.0018367345553223224,89:68;91:68,89:0.001399473353498687;91:0.002338309748820655,0.0067138671875,0.006103515625,Yes,ibm_kingston,2026-09-25T13:33:33Z
91,276.33359190171365,108.55443040383304,0.0035400390625,0.00040267176117339716,0.00537109375,0.001708984375,2180,0.00038929994979811317,32,0.00038929994979811317,0,0.00038929994979811317,0.00038929994979811317,0.00038929994979811317,98:0.0026724565753147578;90:0.0018367345553223224;92:0.0017819075591737066,98:68;90:68;92:68,98:0.0013043642966449331;90:0.002338309748820655;92:0.002261191814937974,0.0035400390625,0.00390625,Yes,ibm_kingston,2026-09-25T13:33:33Z
92,359.26008558618344,367.0527173327602,0.0201416015625,,0.021240234375,0.01904296875,2180,0.00018944052713459883,32,0.00018944052713459883,0,0.00018944052713459883,0.00018944052713459883,0.00018944052713459883,91:0.0017819075591737066;93:0.0015714834079538498,91:68;93:68,91:0.002261191814937974;93:0.002843309998543292,0.0201416015625,0.065185546875,Yes,ibm_kingston,2026-09-25T13:33:33Z
93,240.19038457845178,112.72364760828626,0.00341796875,0.0010006172333661147,0.005859375,0.0009765625,2180,0.0002846335829568264,32,0.0002846335829568264,0,0.0002846335829568264,0.0002846335829568264,0.0002846335829568264,94:0.0015464193395513526;79:0.0013504352049106272;92:0.0015714834079538498,94:68;79:68;92:68,94:0.001094086810601247;79:0.0010415253521574852;92:0.002843309998543292,0.00341796875,0.027099609375,Yes,ibm_kingston,2026-09-25T13:33:33Z
94,286.66388909571253,222.42056439978273,0.018310546875,0.0068592005084595654,0.0283203125,0.00830078125,2180,0.0002508177501503682,32,0.0002508177501503682,0,0.0002508177501503682,0.0002508177501503682,0.0002508177501503682,93:0.0015464193395513526;95:0.002186535388443711,93:68;95:68,93:0.001094086810601247;95:0.0010894049025401698,0.018310546875,0.0107421875,Yes,ibm_kingston,2026-09-25T13:33:33Z
95,262.6401260628274,260.9362480743509,0.0560302734375,0.04201514838561926,0.064453125,0.047607421875,2180,0.0003768560871726467,32,0.0003768560871726467,0,0.0003768560871726467,0.0003768560871726467,0.0003768560871726467,99:0.002930121253883977;94:0.002186535388443711,99:68;94:68,99:0.0021483895668779895;94:0.0010894049025401698,0.0560302734375,0.031982421875,Yes,ibm_kingston,2026-09-25T13:33:33Z
96,124.72702404867972,112.68427538403758,0.0198974609375,0.0028988940783599474,0.019775390625,0.02001953125,2180,0.00014739011820357766,32,0.00014739011820357766,0,0.00014739011820357766,0.00014739011820357766,0.00014739011820357766,83:0.0013769410708087682;103:0.0011290836674205107,83:68;103:68,83:0.0014890026714487747;103:0.0013517281679830684,0.0198974609375,0.052978515625,Yes,ibm_kingston,2026-09-25T13:33:33Z
97,196.11883361265112,84.06765186771003,0.00927734375,0.0024857102889852263,0.01025390625,0.00830078125,2180,0.00034107630045379053,32,0.00034107630045379053,0,0.00034107630045379053,0.00034107630045379053,0.00034107630045379053,87:0.001954441206836993;107:0.0017198954032062175,87:68;107:68,87:0.0020753961938042853;107:0.0025230253803948943,0.00927734375,0.004150390625,Yes,ibm_kingston,2026-09-25T13:33:33Z
98,173.8708106088566,62.891663299948014,0.005859375,0.0024351836436723017,0.00732421875,0.00439453125,2180,0.00031494141793471316,32,0.00031494141793471316,0,0.00031494141793471316,0.00031494141793471316,0.00031494141793471316,91:0.0026724565753147578;111:0.0025870845926995734,91:68;111:68,91:0.0013043642966449331;111:0.001417526289825527,0.005859375,0.018310546875,Yes,ibm_kingston,2026-09-25T13:33:33Z
99,42.11282488211845,49.372179248954616,0.0272216796875,,0.048828125,0.005615234375,2180,0.00023786197554008073,32,0.00023786197554008073,0,0.00023786197554008073,0.00023786197554008073,0.00023786197554008073,115:0.004742828456404502;95:0.002930121253883977,115:68;95:68,115:0.0036232128799998653;95:0.0021483895668779895,0.0272216796875,0.02978515625,Yes,ibm_kingston,2026-09-25T13:33:33Z
100,146.52492500808683,181.73797045684788,0.013427734375,0.00482048824113685,0.014404296875,0.012451171875,2180,0.0004556047034294442,32,0.0004556047034294442,0,0.0004556047034294442,0.0004556047034294442,0.0004556047034294442,101:0.001454339878303318,101:68,101:0.0019767754230909096,0.013427734375,0.03173828125,Yes,ibm_kingston,2026-09-25T13:33:33Z
101,350.59737431042805,235.7720906745706,0.0133056640625,0.0011106356188744176,0.02099609375,0.01123046875,2180,0.00011579069636321559,32,0.00011579069636321559,0,0.00011579069636321559,0.00011579069636321559,0.00011579069636321559,100:0.001454339878303318;116:0.0011451473804542645;102:0.0010453904531627367,100:68;116:68;102:68,100:0.0019767754230909096;116:0.001599289188206815;102:0.0023451947946791785,0.0133056640625,0.033935546875,Yes,ibm_kingston,2026-09-25T13:33:33Z
102,237.74706550133797,187.58377402626766,0.0181884765625,0.004323786347797698,0.02880859375,0.007568359375,2180,0.0002137879671138734,32,0.0002137879671138734,0,0.0002137879671138734,0.0002137879671138734,0.0002137879671138734,101:0.0010453904531627367;103:0.010250887049983004,101:68;103:68,101:0.0023451947946791785;103:0.005385004364186485,0.0181884765625,0.02978515625,Yes,ibm_kingston,2026-09-25T13:33:33Z
103,179.96030202963854,105.51665978045298,0.01806640625,0.002172562533939233,0.02978515625,0.00634765625,2180,0.00016293269522709198,32,0.00016293269522709198,0,0.00016293269522709198,0.00016293269522709198,0.00016293269522709198,104:0.0027256109664971773;96:0.0011290836674205107;102:0.010250887049983004,104:68;96:68;102:68,104:0.0010839634391292263;96:0.0013517281679830684;102:0.005385004364186485,0.01806640625,0.0166015625,Yes,ibm_kingston,2026-09-25T13:33:33Z
104,137.65472192147942,202.96381976433662,0.0157470703125,0.0005879779727412511,0.023193359375,0.00830078125,2180,0.0006778559955762235,32,0.0006778559955762235,0,0.0006778559955762235,0.0006778559955762235,0.0006778559955762235,103:0.0027256109664971773;105:0.0019568758789739737,103:68;105:68,103:0.0010839634391292263;105:0.0013115215227338939,0.0157470703125,0.01318359375,Yes,ibm_kingston,2026-09-25T13:33:33Z
105,198.59843585968744,204.17649313655033,0.004638671875,0.0006046894320726474,0.0087890625,0.00048828125,2180,0.0003447584958902482,32,0.0003447584958902482,0,0.0003447584958902482,0.0003447584958902482,0.0003447584958902482,104:0.0019568758789739737;106:0.001519856660722435;117:0.001125281525696381,104:68;106:68;117:68,104:0.0013115215227338939;106:0.001285835161497717;117:0.001005152018103861,0.004638671875,0.003173828125,Yes,ibm_kingston,2026-09-25T13:33:33Z
106,94.19216852811965,108.57364352690205,0.0272216796875,0.002243804799032138,0.050048828125,0.00439453125,2180,0.00031095848863274745,32,0.00031095848863274745,0,0.00031095848863274745,0.00031095848863274745,0.00031095848863274745,107:0.0013373865886938396;105:0.001519856660722435,107:68;105:68,107:0.0027461973607229018;105:0.001285835161497717,0.0272216796875,0.00390625,Yes,ibm_kingston,2026-09-25T13:33:33Z
107,253.73815091349041,267.30641481696046,0.15673828125,0.004600158035013301,0.3115234375,0.001953125,2180,0.00021739064773295357,32,0.00021739064773295357,0,0.00021739064773295357,0.00021739064773295357,0.00021739064773295357,106:0.0013373865886938396;108:0.0018219988746604743;97:0.0017198954032062175,106:68;108:68;97:68,106:0.0027461973607229018;108:0.002408345876026341;97:0.0025230253803948943,0.15673828125,0.002685546875,Yes,ibm_kingston,2026-09-25T13:33:33Z
108,177.60759777388432,154.36509912951442,0.0057373046875,0.0015710244765046331,0.0087890625,0.002685546875,2180,0.0005480539626902844,32,0.0005480539626902844,0,0.0005480539626902844,0.0005480539626902844,0.0005480539626902844,107:0.0018219988746604743;109:0.001670827667539787,107:68;109:68,107:0.002408345876026341;109:0.0013168313924991903,0.0057373046875,0.004150390625,Yes,ibm_kingston,2026-09-25T13:33:33Z
109,169.93289507836346,171.36006254425394,0.0037841796875,0.0012117083716680903,0.00634765625,0.001220703125,2180,0.00023356953504440536,32,0.00023356953504440536,0,0.00023356953504440536,0.00023356953504440536,0.00023356953504440536,108:0.001670827667539787;110:0.0019175374862072103;118:0.0026853179713861586,108:68;110:68;118:68,108:0.0013168313924991903;110:0.0012516699733566283;118:0.0023741689384216003,0.0037841796875,0.004638671875,Yes,ibm_kingston,2026-09-25T13:33:33Z
110,164.48661823177295,108.29661482010289,0.0037841796875,0.0010022201341072464,0.006103515625,0.00146484375,2180,0.0003480078323197801,32,0.0003480078323197801,0,0.0003480078323197801,0.0003480078323197801,0.0003480078323197801,109:0.0019175374862072103;111:0.0052377515614288606,109:68;111:68,109:0.0012516699733566283;111:0.0014027474225498104,0.0037841796875,0.002197265625,Yes,ibm_kingston,2026-09-25T13:33:33Z
111,224.81815677515598,175.01082208111,0.010498046875,0.0032694102159389012,0.0166015625,0.00439453125,2180,0.00017775557561836052,32,0.00017775557561836052,0,0.00017775557561836052,0.00017775557561836052,0.00017775557561836052,112:0.1759938398063207;110:0.0052377515614288606;98:0.0025870845926995734,112:68;110:68;98:68,110:0.0014027474225498104;98:0.001417526289825527,0.010498046875,0.01611328125,Yes,ibm_kingston,2026-09-25T13:33:33Z
112,167.65333426427654,177.1059680295982,0.042724609375,,0.066650390625,0.018798828125,2180,0.013926879349709419,32,0.013926879349709419,0,0.013926879349709419,0.013926879349709419,0.013926879349709419,111:0.1759938398063207,111:68;113:68,,0.042724609375,0.0400390625,Yes,ibm_kingston,2026-09-25T13:33:33Z
113,157.06923716076514,82.83628737592521,0.1541748046875,,0.216552734375,0.091796875,2180,,32,,0,,,,119:0.0037078559166310587;114:0.0023661233360660894,119:68;112:68;114:68,119:0.00346026424370377;114:0.007449515909658949,0.1541748046875,0.17236328125,Yes,ibm_kingston,2026-09-25T13:33:33Z
114,150.53631338945746,47.91127750630737,0.016845703125,,0.01708984375,0.0166015625,2180,0.0001800153854341049,32,0.0001800153854341049,0,0.0001800153854341049,0.0001800153854341049,0.0001800153854341049,115:0.004907572119703801;113:0.0023661233360660894,115:68;113:68,115:0.004049030439960716;113:0.007449515909658949,0.016845703125,0.01416015625,Yes,ibm_kingston,2026-09-25T13:33:33Z
115,301.64976057429624,17.040727018872598,0.009765625,,0.01171875,0.0078125,2180,0.00020059463930103744,32,0.00020059463930103744,0,0.00020059463930103744,0.00020059463930103744,0.00020059463930103744,99:0.004742828456404502;114:0.004907572119703801,99:68;114:68,99:0.0036232128799998653;114:0.004049030439960716,0.009765625,0.014404296875,Yes,ibm_kingston,2026-09-25T13:33:33Z
116,151.0679183002918,172.31955467819827,0.026611328125,,0.02685546875,0.0263671875,2180,0.0002522556632163705,32,0.0002522556632163705,0,0.0002522556632163705,0.0002522556632163705,0.0002522556632163705,101:0.0011451473804542645;121:0.07102312477713951,101:68;121:68,101:0.001599289188206815;121:0.07235876605078154,0.026611328125,0.085693359375,Yes,ibm_kingston,2026-09-25T13:33:33Z
117,236.4115388292859,175.11889143450801,0.0047607421875,0.0004000197756373893,0.007568359375,0.001953125,2180,0.0001485430342120595,32,0.0001485430342120595,0,0.0001485430342120595,0.0001485430342120595,0.0001485430342120595,105:0.001125281525696381;125:0.0012222814119276226,105:68;125:68,105:0.001005152018103861;125:0.001993947336884322,0.0047607421875,0.00146484375,Yes,ibm_kingston,2026-09-25T13:33:33Z
118,48.71205571577712,41.79037640280808,0.005859375,0.0016799282449279855,0.00244140625,0.0029296875,2180,0.0003314901351227242,32,0.0003314901351227242,0,0.0003314901351227242,0.0003314901351227242,0.0003314901351227242,109:0.0026853179713861586;129:0.0020917466450097455,109:68;129:68,109:0.0023741689384216003;129:0.0019124848887936696,0.005859375,0.001708984375,Yes,ibm_kingston,2026-09-25T13:33:33Z
119,193.05974789726844,180.82599139798876,0.010009765625,,0.01416015625,0.005859375,2180,0.0007704646845393326,32,0.0007704646845393326,0,0.0007704646845393326,0.0007704646845393326,0.0007704646845393326,113:0.0037078559166310587;133:0.03203403960755197,113:68;133:68,113:0.00346026424370377;133:0.040982856761317354,0.010009765625,0.008056640625,Yes,ibm_kingston,2026-09-25T13:33:33Z
120,137.50715021593007,123.49870130386037,0.0235595703125,,0.044921875,0.002197265625,2180,0.0016546559960992878,32,0.0016546559960992878,0,0.0016546559960992878,0.0016546559960992878,0.0016546559960992878,121:0.18021993824425456,121:68,121:0.13431193472717073,0.0235595703125,0.027587890625,Yes,ibm_kingston,2026-09-25T13:33:33Z
121,8.897378048863132,25.636631187774977,0.2613525390625,,0.284912109375,0.23779296875,2180,,32,,0,,,,120:0.18021993824425456;122:0.04914454984337499;116:0.07102312477713951,120:68;122:68;116:68,120:0.13431193472717073;122:0.06791796034125167;116:0.07235876605078154,0.2613525390625,0.232666015625,Yes,ibm_kingston,2026-09-25T13:33:33Z
122,133.86477529464534,104.43056645549756,0.0047607421875,0.0008129222569999693,0.008544921875,0.0009765625,2180,0.00017273200608045443,32,0.00017273200608045443,0,0.00017273200608045443,0.00017273200608045443,0.00017273200608045443,121:0.04914454984337499;123:0.0011034943301009015,121:68;123:68,121:0.06791796034125167;123:0.0014847460400738977,0.0047607421875,0.01025390625,Yes,ibm_kingston,2026-09-25T13:33:33Z
123,240.03920308244858,24.725298131505195,0.013671875,0.006477480110803452,0.015380859375,0.011962890625,2180,0.000262904515565768,32,0.000262904515565768,0,0.000262904515565768,0.000262904515565768,0.000262904515565768,136:0.0015788943431038205;124:0.001451363886071838;122:0.0011034943301009015,136:68;124:68;122:68,136:0.0011824506210641461;124:0.001734277536448059;122:0.0014847460400738977,0.013671875,0.0087890625,Yes,ibm_kingston,2026-09-25T13:33:33Z
124,242.66378060453133,148.96983111457263,0.0147705078125,0.004083051317864451,0.025634765625,0.00390625,2180,0.000323244243755721,32,0.000323244243755721,0,0.000323244243755721,0.000323244243755721,0.000323244243755721,123:0.001451363886071838;125:0.0015711376357226692,123:68;125:68,123:0.001734277536448059;125:0.0025086749298383615,0.0147705078125,0.013671875,Yes,ibm_kingston,2026-09-25T13:33:33Z
125,331.12606651354395,405.9770680729806,0.026123046875,,0.047119140625,0.005126953125,2180,0.00044287520247445475,32,0.00044287520247445475,0,0.00044287520247445475,0.00044287520247445475,0.00044287520247445475,117:0.0012222814119276226;124:0.0015711376357226692;126:0.001267409249280621,117:68;124:68;126:68,117:0.001993947336884322;124:0.0025086749298383615;126:0.001276917979264769,0.026123046875,0.181396484375,Yes,ibm_kingston,2026-09-25T13:33:33Z
126,150.1683637814652,189.91629269863435,0.0084228515625,0.0017992211090846126,0.010986328125,0.005859375,2180,0.0005026975957550349,32,0.0005026975957550349,0,0.0005026975957550349,0.0005026975957550349,0.0005026975957550349,127:0.0013004394257037644;125:0.001267409249280621,127:68;125:68,127:0.0013393642621644941;125:0.001276917979264769,0.0084228515625,0.005126953125,Yes,ibm_kingston,2026-09-25T13:33:33Z
127,273.4243113145462,289.087197813833,0.0455322265625,,0.04296875,0.048095703125,2180,0.00038690360421909345,32,0.00038690360421909345,0,0.00038690360421909345,0.00038690360421909345,0.00038690360421909345,126:0.0013004394257037644;128:0.0027820157902820053;137:0.0015641629491050801,126:68;128:68;137:68,126:0.0013393642621644941;128:0.0020369032366206463;137:0.0011526727992478836,0.0455322265625,0.135009765625,Yes,ibm_kingston,2026-09-25T13:33:33Z
128,179.24617753298594,57.91829605277834,0.011962890625,0.0003934523005893511,0.02197265625,0.001953125,2180,0.00020100166187554127,32,0.00020100166187554127,0,0.00020100166187554127,0.00020100166187554127,0.00020100166187554127,127:0.0027820157902820053;129:0.0017253093328495617,127:68;129:68,127:0.0020369032366206463;129:0.0026569149750959864,0.011962890625,0.002197265625,Yes,ibm_kingston,2026-09-25T13:33:33Z
129,183.7077415583282,123.4834929881909,0.007568359375,0.005510396324635207,0.007568359375,0.007568359375,2180,0.00023763631441266322,32,0.00023763631441266322,0,0.00023763631441266322,0.00023763631441266322,0.00023763631441266322,130:0.005375845068716578;128:0.0017253093328495617;118:0.0020917466450097455,130:68;128:68;118:68,130:0.004768773032553381;128:0.0026569149750959864;118:0.0019124848887936696,0.007568359375,0.281005859375,Yes,ibm_kingston,2026-09-25T13:33:33Z
130,166.67995697584792,144.03448664694568,0.02294921875,0.0046915347878011444,0.0390625,0.0068359375,2180,0.00030578401481053965,32,0.00030578401481053965,0,0.00030578401481053965,0.00030578401481053965,0.00030578401481053965,129:0.005375845068716578,129:68;131:68,129:0.004768773032553381,0.02294921875,0.023681640625,Yes,ibm_kingston,2026-09-25T13:33:33Z
131,60.33608703062646,46.19615968610437,0.0897216796875,,0.077880859375,0.1015625,2180,0.008988141136989114,32,0.008988141136989114,0,0.008988141136989114,0.008988141136989114,0.008988141136989114,138:0.02172891203696864;132:0.025389081320787266,138:68;130:68;132:68,138:0.027863253907534496;132:0.015237204818961875,0.0897216796875,0.115478515625,Yes,ibm_kingston,2026-09-25T13:33:33Z
132,247.9039708867533,266.2267098591316,0.0076904296875,0.0023127928973534204,0.01025390625,0.005126953125,2180,0.00019711285625142325,32,0.00019711285625142325,0,0.00019711285625142325,0.00019711285625142325,0.00019711285625142325,133:0.0030080783136741673;131:0.025389081320787266,133:68;131:68,133:0.0018301960207883494;131:0.015237204818961875,0.0076904296875,0.007568359375,Yes,ibm_kingston,2026-09-25T13:33:33Z
133,209.0970299708067,135.69835732297878,0.004638671875,0.0007546920468614286,0.008544921875,0.000732421875,2180,0.0003401515453252049,32,0.0003401515453252049,0,0.0003401515453252049,0.0003401515453252049,0.0003401515453252049,132:0.0030080783136741673;134:0.002215491427750682;119:0.03203403960755197,132:68;134:68;119:68,132:0.0018301960207883494;134:0.0015262243105813311;119:0.040982856761317354,0.004638671875,0.010986328125,Yes,ibm_kingston,2026-09-25T13:33:33Z
134,247.46088566654484,138.45306277219441,0.00439453125,0.0003932887402359212,0.00732421875,0.00146484375,2180,0.00019841107207135188,32,0.00019841107207135188,0,0.00019841107207135188,0.00019841107207135188,0.00019841107207135188,133:0.002215491427750682;135:0.002217284174779177,133:68;135:68,133:0.0015262243105813311;135:0.002217698726964923,0.00439453125,0.004150390625,Yes,ibm_kingston,2026-09-25T13:33:33Z
135,76.64356028129589,81.54538653836565,0.0177001953125,0.004837325008459198,0.02685546875,0.01171875,2180,0.0005716096297866763,32,0.0005716096297866763,0,0.0005716096297866763,0.0005716096297866763,0.0005716096297866763,134:0.002217284174779177;139:0.0020736106133690257,134:68;139:68,134:0.002217698726964923;139:0.0021209565048930235,0.0177001953125,0.01904296875,Yes,ibm_kingston,2026-09-25T13:33:33Z
136,206.04405918708923,308.38882649332646,0.0068359375,0.001602017215962652,0.009765625,0.00390625,2180,0.0003233153014879442,32,0.0003233153014879442,0,0.0003233153014879442,0.0003233153014879442,0.0003233153014879442,123:0.0015788943431038205;143:0.0018597520153425529,123:68;143:68,123:0.0011824506210641461;143:0.0024611832652341736,0.0068359375,0.004638671875,Yes,ibm_kingston,2026-09-25T13:33:33Z
137,73.18885555042101,20.798574531948734,0.00634765625,0.0013223959746718331,0.011474609375,0.001220703125,2180,0.0003061166369320052,32,0.0003061166369320052,0,0.0003061166369320052,0.0003061166369320052,0.0003061166369320052,147:0.0030028142644735467;127:0.0015641629491050801,147:68;127:68,147:0.0023798369286150423;127:0.0011526727992478836,0.00634765625,0.005859375,Yes,ibm_kingston,2026-09-25T13:33:33Z
138,288.95762654209426,92.30091145784539,0.010498046875,0.003076333644210899,0.01416015625,0.0068359375,2180,0.00015252325816564983,32,0.00015252325816564983,0,0.00015252325816564983,0.00015252325816564983,0.00015252325816564983,151:0.0014398495363554809;131:0.02172891203696864,151:80;131:68,151:0.0014264217862403339;131:0.027863253907534496,0.010498046875,0.009765625,Yes,ibm_kingston,2026-09-25T13:33:33Z
139,238.7546103186292,13.777581873319301,0.0181884765625,0.002155298604999503,0.017578125,0.018798828125,2180,0.0002541229220175606,32,0.0002541229220175606,0,0.0002541229220175606,0.0002541229220175606,0.0002541229220175606,155:0.006699488873470827;135:0.0020736106133690257,155:68;135:68,155:0.003584745721497501;135:0.0021209565048930235,0.0181884765625,0.014404296875,Yes,ibm_kingston,2026-09-25T13:33:33Z
140,269.1560050601448,420.7300882740071,0.0079345703125,0.003844620959979064,0.01025390625,0.005615234375,2180,0.0002046179318736445,32,0.0002046179318736445,0,0.0002046179318736445,0.0002046179318736445,0.0002046179318736445,141:0.0013474466447316313,141:68,141:0.0013021307819036099,0.0079345703125,0.00537109375,Yes,ibm_kingston,2026-09-25T13:33:33Z
141,154.25690451012207,139.33884535027818,0.0069580078125,0.0024010365710451956,0.009521484375,0.00439453125,2180,0.0002302801025770044,32,0.0002302801025770044,0,0.0002302801025770044,0.0002302801025770044,0.0002302801025770044,140:0.0013474466447316313;142:0.001167723445781449,140:68;142:68,140:0.0013021307819036099;142:0.0015088814236680903,0.0069580078125,0.003173828125,Yes,ibm_kingston,2026-09-25T13:33:33Z
142,265.7880443843555,205.2512074974244,0.01123046875,0.0027429403328218,0.01513671875,0.00732421875,2180,0.0001704745286386743,32,0.0001704745286386743,0,0.0001704745286386743,0.0001704745286386743,0.0001704745286386743,143:0.0015773786144140933;141:0.001167723445781449,143:68;141:68,143:0.0012850665653731386;141:0.0015088814236680903,0.01123046875,0.0078125,Yes,ibm_kingston,2026-09-25T13:33:33Z
143,314.133701280402,45.77223603546686,0.0048828125,0.0017354530706238042,0.00830078125,0.00146484375,2180,0.00016895884383222193,32,0.00016895884383222193,0,0.00016895884383222193,0.00016895884383222193,0.00016895884383222193,142:0.0015773786144140933;144:0.0016291308558717688;136:0.0018597520153425529,142:68;144:68;136:68,142:0.0012850665653731386;144:0.0012699386286106895;136:0.0024611832652341736,0.0048828125,0.0146484375,Yes,ibm_kingston,2026-09-25T13:33:33Z
144,173.7919511931964,287.6171317915086,0.0054931640625,0.0024157359697189766,0.006591796875,0.00439453125,2180,0.00014724693645779943,32,0.00014724693645779943,0,0.00014724693645779943,0.00014724693645779943,0.00014724693645779943,145:0.04499454545759046;143:0.0016291308558717688,145:68;143:68,145:0.03908297552055176;143:0.0012699386286106895,0.0054931640625,0.004638671875,Yes,ibm_kingston,2026-09-25T13:33:33Z
145,208.57376870291574,138.31895739361835,0.0123291015625,0.012238322629097255,0.01611328125,0.008544921875,2180,0.0010405541539796337,32,0.0010405541539796337,0,0.0010405541539796337,0.0010405541539796337,0.0010405541539796337,144:0.04499454545759046,144:68;146:68,144:0.03908297552055176,0.0123291015625,0.025634765625,Yes,ibm_kingston,2026-09-25T13:33:33Z
146,,,0.5052490234375,,0.512451171875,0.498046875,2180,,32,,0,,,,,145:68;147:68,,0.5052490234375,0.498779296875,Yes,ibm_kingston,2026-09-25T13:33:33Z
147,292.60292552354315,98.22832125229037,0.0037841796875,0.0008000007414942763,0.006591796875,0.0009765625,2180,0.0013576243027514847,32,0.0013576243027514847,0,0.0013576243027514847,0.0013576243027514847,0.0013576243027514847,148:0.003314735055166579;137:0.0030028142644735467,148:68;137:68;146:68,148:0.002862150697797272;137:0.0023798369286150423,0.0037841796875,0.007080078125,Yes,ibm_kingston,2026-09-25T13:33:33Z
148,216.0286862136373,209.61150578757236,0.008544921875,0.0025997208928400465,0.008544921875,0.008544921875,2180,0.00011104586848905202,32,0.00011104586848905202,0,0.00011104586848905202,0.00011104586848905202,0.00011104586848905202,147:0.003314735055166579;149:0.0022415531221564033,147:68;149:68,147:0.002862150697797272;149:0.001927226197003945,0.008544921875,0.005859375,Yes,ibm_kingston,2026-09-25T13:33:33Z
149,107.63609630215298,149.36541856052906,0.0037841796875,0.0006089696608644236,0.005859375,0.001708984375,2180,0.0003990331699806987,32,0.0003990331699806987,0,0.0003990331699806987,0.0003990331699806987,0.0003990331699806987,150:0.0028451963548044024;148:0.0022415531221564033,150:68;148:68,150:0.0031940355546021537;148:0.001927226197003945,0.0037841796875,0.002197265625,Yes,ibm_kingston,2026-09-25T13:33:33Z
150,274.0634739063546,262.54866125927754,0.00537109375,0.0014451951516865661,0.00830078125,0.00244140625,2180,0.00024514791145499495,32,0.00024514791145499495,0,0.00024514791145499495,0.00024514791145499495,0.00024514791145499495,149:0.0028451963548044024;151:0.00233119044018662,149:68;151:68,149:0.0031940355546021537;151:0.0015095439779097275,0.00537109375,0.00390625,Yes,ibm_kingston,2026-09-25T13:33:33Z
151,251.07150451405874,180.34763851223434,0.005615234375,0.0014025552464802542,0.0078125,0.00341796875,2180,0.00019278099029928703,32,0.00019278099029928703,0,0.00019278099029928703,0.00019278099029928703,0.00019278099029928703,138:0.0014398495363554809;152:0.0011560440058515087;150:0.00233119044018662,138:80;152:68;150:68,138:0.0014264217862403339;152:0.0012121217316538868;150:0.0015095439779097275,0.005615234375,0.0048828125,Yes,ibm_kingston,2026-09-25T13:33:33Z
152,259.821992894846,115.2804886665535,0.0059814453125,0.0012165933072523824,0.0107421875,0.002685546875,2180,0.0002051668937648599,32,0.0002051668937648599,0,0.0002051668937648599,0.0002051668937648599,0.0002051668937648599,151:0.0011560440058515087;153:0.0011293331706148657,151:68;153:68,151:0.0012121217316538868;153:0.0010217980139337612,0.0059814453125,0.01025390625,Yes,ibm_kingston,2026-09-25T13:33:33Z
153,325.7531077540473,246.5988855381789,0.0230712890625,,0.02978515625,0.016357421875,2180,0.0004164594453705232,32,0.0004164594453705232,0,0.0004164594453705232,0.0004164594453705232,0.0004164594453705232,152:0.0011293331706148657;154:0.00265019147585005,152:68;154:68,152:0.0010217980139337612;154:0.0024246618332036673,0.0230712890625,0.0234375,Yes,ibm_kingston,2026-09-25T13:33:33Z
154,166.06540370919376,112.90537980908726,0.0045166015625,0.0009791127322400727,0.006103515625,0.0029296875,2180,0.00029971987612584564,32,0.00029971987612584564,0,0.00029971987612584564,0.00029971987612584564,0.00029971987612584564,153:0.00265019147585005;155:0.0013426272679293305,153:68;155:68,153:0.0024246618332036673;155:0.0015495009999090814,0.0045166015625,0.009765625,Yes,ibm_kingston,2026-09-25T13:33:33Z
155,258.90385814845786,277.6959395422673,0.006591796875,0.0013678469169604046,0.010009765625,0.003173828125,2180,0.0002537508538378315,32,0.0002537508538378315,0,0.0002537508538378315,0.0002537508538378315,0.0002537508538378315,139:0.006699488873470827;154:0.0013426272679293305,139:68;154:68,139:0.003584745721497501;154:0.0015495009999090814,0.006591796875,0.00732421875,Yes,ibm_kingston,2026-09-25T13:33:33Z
